{
  "timestamp": "2021-10-02T19:58:03.432672",
  "results": [
    {
      "query_name": "Top 250 rated movies",
      "server_name": "Django + Graphene v3",
      "results": {
        "latency": {
          "max": 98104.0,
          "min": 17235.0,
          "mean": 19465.442836468887,
          "dist": {
            "95": 25878.0,
            "98": 28713.399999999998,
            "99": 29040.500000000007
          },
          "stdev": 3808.2233879641067
        },
        "requests": {
          "max": 46.06666666666667,
          "min": 46.06666666666667,
          "mean": 46.06666666666667,
          "dist": {
            "95": 46.06666666666667,
            "98": 46.06666666666667,
            "99": 46.06666666666667
          },
          "stdev": 46.06666666666667
        }
      }
    },
    {
      "query_name": "Top 250 rated movies",
      "server_name": "Django + Strawberry",
      "results": {
        "latency": {
          "max": 146572.0,
          "min": 19500.0,
          "mean": 21537.122807017546,
          "dist": {
            "95": 25301.599999999995,
            "98": 29594.48,
            "99": 30097.260000000002
          },
          "stdev": 5380.925274474627
        },
        "requests": {
          "max": 41.8,
          "min": 41.8,
          "mean": 41.8,
          "dist": {
            "95": 41.8,
            "98": 41.8,
            "99": 41.8
          },
          "stdev": 41.8
        }
      }
    },
    {
      "query_name": "Top 250 rated movies",
      "server_name": "Django + Strawberry Async",
      "results": {
        "latency": {
          "max": 155718.0,
          "min": 50625.0,
          "mean": 58939.00406504066,
          "dist": {
            "95": 65764.5,
            "98": 69722.9,
            "99": 71726.35
          },
          "stdev": 8336.209942611842
        },
        "requests": {
          "max": 16.4,
          "min": 16.4,
          "mean": 16.4,
          "dist": {
            "95": 16.4,
            "98": 16.4,
            "99": 16.4
          },
          "stdev": 16.4
        }
      }
    },
    {
      "query_name": "Top 250 rated movies",
      "server_name": "Django Rest Framework",
      "results": {
        "latency": {
          "max": 102073.0,
          "min": 9836.0,
          "mean": 11832.772471910112,
          "dist": {
            "95": 13307.849999999999,
            "98": 24396.86,
            "99": 25102.999999999993
          },
          "stdev": 3771.023449099949
        },
        "requests": {
          "max": 71.2,
          "min": 71.2,
          "mean": 71.2,
          "dist": {
            "95": 71.2,
            "98": 71.2,
            "99": 71.2
          },
          "stdev": 71.2
        }
      }
    }
  ]
}