{
  "timestamp": "2021-09-20T19:02:05.410939",
  "results": [
    {
      "query_name": "Top 250 rated movies",
      "server_name": "Django + Graphene v3",
      "results": {
        "latency": {
          "max": 62695.0,
          "min": 17560.0,
          "mean": 19986.77001455604,
          "dist": {
            "95": 27730.299999999977,
            "98": 30094.799999999992,
            "99": 31340.639999999996
          },
          "stdev": 3107.950556759856
        },
        "requests": {
          "max": 45.8,
          "min": 45.8,
          "mean": 45.8,
          "dist": {
            "95": 45.8,
            "98": 45.8,
            "99": 45.8
          },
          "stdev": 45.8
        }
      }
    },
    {
      "query_name": "Top 250 rated movies",
      "server_name": "Django + Strawberry",
      "results": {
        "latency": {
          "max": 109712.0,
          "min": 19629.0,
          "mean": 22202.290322580648,
          "dist": {
            "95": 28964.49999999997,
            "98": 31639.64,
            "99": 32794.27
          },
          "stdev": 4289.002856470204
        },
        "requests": {
          "max": 41.333333333333336,
          "min": 41.333333333333336,
          "mean": 41.333333333333336,
          "dist": {
            "95": 41.333333333333336,
            "98": 41.333333333333336,
            "99": 41.333333333333336
          },
          "stdev": 41.333333333333336
        }
      }
    },
    {
      "query_name": "Top 250 rated movies",
      "server_name": "Django + Strawberry (simple resolvers)",
      "results": {
        "latency": {
          "max": 118207.0,
          "min": 16607.0,
          "mean": 18740.267955801108,
          "dist": {
            "95": 23014.600000000017,
            "98": 27214.3,
            "99": 28619.529999999995
          },
          "stdev": 4421.593318295859
        },
        "requests": {
          "max": 48.266666666666666,
          "min": 48.266666666666666,
          "mean": 48.266666666666666,
          "dist": {
            "95": 48.266666666666666,
            "98": 48.266666666666666,
            "99": 48.266666666666666
          },
          "stdev": 48.266666666666666
        }
      }
    },
    {
      "query_name": "Top 250 rated movies",
      "server_name": "Django Rest Framework",
      "results": {
        "latency": {
          "max": 91280.0,
          "min": 9891.0,
          "mean": 12247.167450611476,
          "dist": {
            "95": 15152.300000000001,
            "98": 25122.12,
            "99": 25998.07999999999
          },
          "stdev": 3705.684334862602
        },
        "requests": {
          "max": 70.86666666666666,
          "min": 70.86666666666666,
          "mean": 70.86666666666666,
          "dist": {
            "95": 70.86666666666666,
            "98": 70.86666666666666,
            "99": 70.86666666666666
          },
          "stdev": 70.86666666666666
        }
      }
    },
    {
      "query_name": "Top 250 rated movies",
      "server_name": "Django Plain JSON",
      "results": {
        "latency": {
          "max": 35967.0,
          "min": 6002.0,
          "mean": 7700.471473354232,
          "dist": {
            "95": 10129.499999999998,
            "98": 14856.199999999999,
            "99": 16834.879999999994
          },
          "stdev": 2050.8590917165693
        },
        "requests": {
          "max": 106.33333333333333,
          "min": 106.33333333333333,
          "mean": 106.33333333333333,
          "dist": {
            "95": 106.33333333333333,
            "98": 106.33333333333333,
            "99": 106.33333333333333
          },
          "stdev": 106.33333333333333
        }
      }
    }
  ]
}