{
  "timestamp": "2021-09-20T08:33:58.817809",
  "results": [
    {
      "query_name": "Top 250 rated movies",
      "server_name": "Django + Graphene v3",
      "results": {
        "latency": {
          "max": 73621.0,
          "min": 17952.0,
          "mean": 21508.66109785203,
          "dist": {
            "95": 31599.2,
            "98": 34967.56,
            "99": 38646.47999999999
          },
          "stdev": 4749.326492604541
        },
        "requests": {
          "max": 27.933333333333334,
          "min": 27.933333333333334,
          "mean": 27.933333333333334,
          "dist": {
            "95": 27.933333333333334,
            "98": 27.933333333333334,
            "99": 27.933333333333334
          },
          "stdev": 27.933333333333334
        }
      }
    },
    {
      "query_name": "Top 250 rated movies",
      "server_name": "Django + Strawberry",
      "results": {
        "latency": {
          "max": 119374.0,
          "min": 20438.0,
          "mean": 23049.043367346938,
          "dist": {
            "95": 31467.15,
            "98": 32834.16,
            "99": 35431.17999999998
          },
          "stdev": 5654.086141686302
        },
        "requests": {
          "max": 26.133333333333333,
          "min": 26.133333333333333,
          "mean": 26.133333333333333,
          "dist": {
            "95": 26.133333333333333,
            "98": 26.133333333333333,
            "99": 26.133333333333333
          },
          "stdev": 26.133333333333333
        }
      }
    },
    {
      "query_name": "Top 250 rated movies",
      "server_name": "Django Rest Framework",
      "results": {
        "latency": {
          "max": 93651.0,
          "min": 10711.0,
          "mean": 13771.448387096776,
          "dist": {
            "95": 23538.399999999987,
            "98": 29166.340000000004,
            "99": 36122.31999999991
          },
          "stdev": 5756.613686678887
        },
        "requests": {
          "max": 41.333333333333336,
          "min": 41.333333333333336,
          "mean": 41.333333333333336,
          "dist": {
            "95": 41.333333333333336,
            "98": 41.333333333333336,
            "99": 41.333333333333336
          },
          "stdev": 41.333333333333336
        }
      }
    }
  ]
}