{
  "timestamp": "2021-09-20T08:43:03.321540",
  "results": [
    {
      "query_name": "Top 250 rated movies",
      "server_name": "Django + Graphene v3",
      "results": {
        "latency": {
          "max": 55821.0,
          "min": 18167.0,
          "mean": 21757.71359223301,
          "dist": {
            "95": 31599.549999999996,
            "98": 33923.119999999995,
            "99": 42180.46999999994
          },
          "stdev": 4413.740584481241
        },
        "requests": {
          "max": 27.466666666666665,
          "min": 27.466666666666665,
          "mean": 27.466666666666665,
          "dist": {
            "95": 27.466666666666665,
            "98": 27.466666666666665,
            "99": 27.466666666666665
          },
          "stdev": 27.466666666666665
        }
      }
    },
    {
      "query_name": "Top 250 rated movies",
      "server_name": "Django + Strawberry",
      "results": {
        "latency": {
          "max": 233977.0,
          "min": 19634.0,
          "mean": 24702.708446866483,
          "dist": {
            "95": 32980.399999999994,
            "98": 46480.400000000016,
            "99": 78655.97999999982
          },
          "stdev": 15721.368176468131
        },
        "requests": {
          "max": 24.466666666666665,
          "min": 24.466666666666665,
          "mean": 24.466666666666665,
          "dist": {
            "95": 24.466666666666665,
            "98": 24.466666666666665,
            "99": 24.466666666666665
          },
          "stdev": 24.466666666666665
        }
      }
    },
    {
      "query_name": "Top 250 rated movies",
      "server_name": "Django Rest Framework",
      "results": {
        "latency": {
          "max": 95914.0,
          "min": 9940.0,
          "mean": 13576.495974235106,
          "dist": {
            "95": 23847.0,
            "98": 30812.800000000003,
            "99": 38069.79999999996
          },
          "stdev": 6170.789262938781
        },
        "requests": {
          "max": 41.4,
          "min": 41.4,
          "mean": 41.4,
          "dist": {
            "95": 41.4,
            "98": 41.4,
            "99": 41.4
          },
          "stdev": 41.4
        }
      }
    },
    {
      "query_name": "Top 250 rated movies",
      "server_name": "Django Plain JSON",
      "results": {
        "latency": {
          "max": 405964.0,
          "min": 6154.0,
          "mean": 8587.064044943822,
          "dist": {
            "95": 12929.04999999999,
            "98": 15873.820000000005,
            "99": 21630.33000000001
          },
          "stdev": 13684.313070218886
        },
        "requests": {
          "max": 59.333333333333336,
          "min": 59.333333333333336,
          "mean": 59.333333333333336,
          "dist": {
            "95": 59.333333333333336,
            "98": 59.333333333333336,
            "99": 59.333333333333336
          },
          "stdev": 59.333333333333336
        }
      }
    }
  ]
}