{
  "timestamp": "2021-10-02T14:27:55.661706",
  "results": [
    {
      "query_name": "Top 250 rated movies",
      "server_name": "Django + Graphene v3",
      "results": {
        "latency": {
          "max": 72415.0,
          "min": 17467.0,
          "mean": 19900.910014513785,
          "dist": {
            "95": 25414.800000000007,
            "98": 29747.920000000002,
            "99": 30833.720000000005
          },
          "stdev": 3205.677671862751
        },
        "requests": {
          "max": 45.93333333333333,
          "min": 45.93333333333333,
          "mean": 45.93333333333333,
          "dist": {
            "95": 45.93333333333333,
            "98": 45.93333333333333,
            "99": 45.93333333333333
          },
          "stdev": 45.93333333333333
        }
      }
    },
    {
      "query_name": "Top 250 rated movies",
      "server_name": "Django + Strawberry",
      "results": {
        "latency": {
          "max": 128741.00000000001,
          "min": 19671.0,
          "mean": 22244.140322580643,
          "dist": {
            "95": 28551.649999999998,
            "98": 31179.5,
            "99": 33023.889999999985
          },
          "stdev": 5252.525474104436
        },
        "requests": {
          "max": 41.333333333333336,
          "min": 41.333333333333336,
          "mean": 41.333333333333336,
          "dist": {
            "95": 41.333333333333336,
            "98": 41.333333333333336,
            "99": 41.333333333333336
          },
          "stdev": 41.333333333333336
        }
      }
    },
    {
      "query_name": "Top 250 rated movies",
      "server_name": "Django + Strawberry (simple resolvers)",
      "results": {
        "latency": {
          "max": 129459.0,
          "min": 16968.0,
          "mean": 19184.97050561798,
          "dist": {
            "95": 22849.699999999935,
            "98": 27217.36,
            "99": 28415.399999999998
          },
          "stdev": 4621.852906862074
        },
        "requests": {
          "max": 47.46666666666667,
          "min": 47.46666666666667,
          "mean": 47.46666666666667,
          "dist": {
            "95": 47.46666666666667,
            "98": 47.46666666666667,
            "99": 47.46666666666667
          },
          "stdev": 47.46666666666667
        }
      }
    },
    {
      "query_name": "Top 250 rated movies",
      "server_name": "Django Rest Framework",
      "results": {
        "latency": {
          "max": 92828.0,
          "min": 9935.0,
          "mean": 12201.63831775701,
          "dist": {
            "95": 15815.949999999999,
            "98": 24871.459999999995,
            "99": 25859.25999999999
          },
          "stdev": 3835.314581771431
        },
        "requests": {
          "max": 71.33333333333333,
          "min": 71.33333333333333,
          "mean": 71.33333333333333,
          "dist": {
            "95": 71.33333333333333,
            "98": 71.33333333333333,
            "99": 71.33333333333333
          },
          "stdev": 71.33333333333333
        }
      }
    },
    {
      "query_name": "Top 250 rated movies",
      "server_name": "Django Plain JSON",
      "results": {
        "latency": {
          "max": 37070.0,
          "min": 6052.0,
          "mean": 7659.360869565217,
          "dist": {
            "95": 9896.35,
            "98": 14383.96,
            "99": 15903.39000000001
          },
          "stdev": 2000.119179575576
        },
        "requests": {
          "max": 107.33333333333333,
          "min": 107.33333333333333,
          "mean": 107.33333333333333,
          "dist": {
            "95": 107.33333333333333,
            "98": 107.33333333333333,
            "99": 107.33333333333333
          },
          "stdev": 107.33333333333333
        }
      }
    }
  ]
}