{
  "timestamp": "2021-09-19T19:04:09.916314",
  "results": [
    {
      "query_name": "Top 250 rated movies",
      "server_name": "Django + Graphene v3",
      "results": {
        "latency": {
          "max": 137266.0,
          "min": 17108.0,
          "mean": 20918.473193473197,
          "dist": {
            "95": 28593.2,
            "98": 32698.320000000003,
            "99": 37317.919999999955
          },
          "stdev": 7777.857923382314
        },
        "requests": {
          "max": 28.6,
          "min": 28.6,
          "mean": 28.6,
          "dist": {
            "95": 28.6,
            "98": 28.6,
            "99": 28.6
          },
          "stdev": 28.6
        }
      }
    },
    {
      "query_name": "Top 250 rated movies",
      "server_name": "Django + Strawberry",
      "results": {
        "latency": {
          "max": 103217.0,
          "min": 19568.0,
          "mean": 22077.502450980395,
          "dist": {
            "95": 28711.749999999996,
            "98": 34225.500000000015,
            "99": 38824.42000000003
          },
          "stdev": 5200.046261577199
        },
        "requests": {
          "max": 27.2,
          "min": 27.2,
          "mean": 27.2,
          "dist": {
            "95": 27.2,
            "98": 27.2,
            "99": 27.2
          },
          "stdev": 27.2
        }
      }
    }
  ]
}