{
  "timestamp": "2021-09-20T13:33:19.918673",
  "results": [
    {
      "query_name": "Top 250 rated movies",
      "server_name": "Django + Graphene v3",
      "results": {
        "latency": {
          "max": 680699.0,
          "min": 17432.0,
          "mean": 25129.090909090908,
          "dist": {
            "95": 33793.09999999999,
            "98": 62834.11999999998,
            "99": 87976.89999999997
          },
          "stdev": 42946.521320686836
        },
        "requests": {
          "max": 24.2,
          "min": 24.2,
          "mean": 24.2,
          "dist": {
            "95": 24.2,
            "98": 24.2,
            "99": 24.2
          },
          "stdev": 24.2
        }
      }
    },
    {
      "query_name": "Top 250 rated movies",
      "server_name": "Django + Strawberry",
      "results": {
        "latency": {
          "max": 244044.0,
          "min": 19632.0,
          "mean": 22445.106699751857,
          "dist": {
            "95": 29436.199999999997,
            "98": 31044.959999999995,
            "99": 32925.50000000001
          },
          "stdev": 11386.853437494376
        },
        "requests": {
          "max": 26.866666666666667,
          "min": 26.866666666666667,
          "mean": 26.866666666666667,
          "dist": {
            "95": 26.866666666666667,
            "98": 26.866666666666667,
            "99": 26.866666666666667
          },
          "stdev": 26.866666666666667
        }
      }
    },
    {
      "query_name": "Top 250 rated movies",
      "server_name": "Django + Strawberry (raw queryset)",
      "results": {
        "latency": {
          "max": 95430.0,
          "min": 19474.0,
          "mean": 21384.565320665086,
          "dist": {
            "95": 23753.0,
            "98": 29949.399999999994,
            "99": 31223.199999999997
          },
          "stdev": 4094.32451032548
        },
        "requests": {
          "max": 28.066666666666666,
          "min": 28.066666666666666,
          "mean": 28.066666666666666,
          "dist": {
            "95": 28.066666666666666,
            "98": 28.066666666666666,
            "99": 28.066666666666666
          },
          "stdev": 28.066666666666666
        }
      }
    },
    {
      "query_name": "Top 250 rated movies",
      "server_name": "Django Rest Framework",
      "results": {
        "latency": {
          "max": 113367.0,
          "min": 10114.0,
          "mean": 12159.56936416185,
          "dist": {
            "95": 15302.049999999957,
            "98": 24703.980000000003,
            "99": 24961.4
          },
          "stdev": 4647.463982091932
        },
        "requests": {
          "max": 46.13333333333333,
          "min": 46.13333333333333,
          "mean": 46.13333333333333,
          "dist": {
            "95": 46.13333333333333,
            "98": 46.13333333333333,
            "99": 46.13333333333333
          },
          "stdev": 46.13333333333333
        }
      }
    },
    {
      "query_name": "Top 250 rated movies",
      "server_name": "Django Plain JSON",
      "results": {
        "latency": {
          "max": 41483.0,
          "min": 6086.0,
          "mean": 7679.952848722986,
          "dist": {
            "95": 9741.999999999996,
            "98": 15110.519999999995,
            "99": 16200.270000000004
          },
          "stdev": 2108.7214535590365
        },
        "requests": {
          "max": 67.86666666666666,
          "min": 67.86666666666666,
          "mean": 67.86666666666666,
          "dist": {
            "95": 67.86666666666666,
            "98": 67.86666666666666,
            "99": 67.86666666666666
          },
          "stdev": 67.86666666666666
        }
      }
    }
  ]
}