{
  "timestamp": "2021-09-19T20:01:04.929489",
  "results": [
    {
      "query_name": "Top 250 rated movies",
      "server_name": "Django + Graphene v3",
      "results": {
        "latency": {
          "max": 61070.0,
          "min": 17223.0,
          "mean": 19790.984881209504,
          "dist": {
            "95": 27134.599999999962,
            "98": 30124.679999999997,
            "99": 32186.219999999998
          },
          "stdev": 3819.091282825442
        },
        "requests": {
          "max": 30.866666666666667,
          "min": 30.866666666666667,
          "mean": 30.866666666666667,
          "dist": {
            "95": 30.866666666666667,
            "98": 30.866666666666667,
            "99": 30.866666666666667
          },
          "stdev": 30.866666666666667
        }
      }
    },
    {
      "query_name": "Top 250 rated movies",
      "server_name": "Django + Strawberry",
      "results": {
        "latency": {
          "max": 180850.0,
          "min": 19357.0,
          "mean": 22130.021686746986,
          "dist": {
            "95": 28665.39999999999,
            "98": 30970.239999999987,
            "99": 32896.72
          },
          "stdev": 8170.516133997608
        },
        "requests": {
          "max": 27.666666666666668,
          "min": 27.666666666666668,
          "mean": 27.666666666666668,
          "dist": {
            "95": 27.666666666666668,
            "98": 27.666666666666668,
            "99": 27.666666666666668
          },
          "stdev": 27.666666666666668
        }
      }
    }
  ]
}