{
  "timestamp": "2021-09-20T15:30:41.548819",
  "results": [
    {
      "query_name": "Top 250 rated movies",
      "server_name": "Django + Graphene v3",
      "results": {
        "latency": {
          "max": 69370.0,
          "min": 17516.0,
          "mean": 19865.93348115299,
          "dist": {
            "95": 28497.0,
            "98": 30102.0,
            "99": 35150.0
          },
          "stdev": 4044.829320330896
        },
        "requests": {
          "max": 30.066666666666666,
          "min": 30.066666666666666,
          "mean": 30.066666666666666,
          "dist": {
            "95": 30.066666666666666,
            "98": 30.066666666666666,
            "99": 30.066666666666666
          },
          "stdev": 30.066666666666666
        }
      }
    },
    {
      "query_name": "Top 250 rated movies",
      "server_name": "Django + Strawberry",
      "results": {
        "latency": {
          "max": 124836.0,
          "min": 19740.0,
          "mean": 21763.231325301207,
          "dist": {
            "95": 27449.6999999999,
            "98": 30768.159999999993,
            "99": 31227.56
          },
          "stdev": 5569.325916208031
        },
        "requests": {
          "max": 27.666666666666668,
          "min": 27.666666666666668,
          "mean": 27.666666666666668,
          "dist": {
            "95": 27.666666666666668,
            "98": 27.666666666666668,
            "99": 27.666666666666668
          },
          "stdev": 27.666666666666668
        }
      }
    },
    {
      "query_name": "Top 250 rated movies",
      "server_name": "Django + Strawberry (simple resolvers)",
      "results": {
        "latency": {
          "max": 261665.00000000003,
          "min": 16465.0,
          "mean": 18861.77234042553,
          "dist": {
            "95": 24240.049999999905,
            "98": 27499.68,
            "99": 29266.250000000004
          },
          "stdev": 11514.842374235535
        },
        "requests": {
          "max": 31.333333333333332,
          "min": 31.333333333333332,
          "mean": 31.333333333333332,
          "dist": {
            "95": 31.333333333333332,
            "98": 31.333333333333332,
            "99": 31.333333333333332
          },
          "stdev": 31.333333333333332
        }
      }
    },
    {
      "query_name": "Top 250 rated movies",
      "server_name": "Django Rest Framework",
      "results": {
        "latency": {
          "max": 94491.0,
          "min": 9806.0,
          "mean": 12042.756446991405,
          "dist": {
            "95": 14044.4,
            "98": 24508.05999999999,
            "99": 25194.329999999998
          },
          "stdev": 4215.333629536778
        },
        "requests": {
          "max": 46.53333333333333,
          "min": 46.53333333333333,
          "mean": 46.53333333333333,
          "dist": {
            "95": 46.53333333333333,
            "98": 46.53333333333333,
            "99": 46.53333333333333
          },
          "stdev": 46.53333333333333
        }
      }
    },
    {
      "query_name": "Top 250 rated movies",
      "server_name": "Django Plain JSON",
      "results": {
        "latency": {
          "max": 25247.0,
          "min": 6154.0,
          "mean": 7595.608737864078,
          "dist": {
            "95": 9661.699999999993,
            "98": 14930.179999999986,
            "99": 15791.03000000001
          },
          "stdev": 1853.979301347931
        },
        "requests": {
          "max": 68.66666666666667,
          "min": 68.66666666666667,
          "mean": 68.66666666666667,
          "dist": {
            "95": 68.66666666666667,
            "98": 68.66666666666667,
            "99": 68.66666666666667
          },
          "stdev": 68.66666666666667
        }
      }
    }
  ]
}